"date","treatment","plot","quadrat","cover_class","spp","notes","cover"
"9/8/2022","A","1","Q1",4,"Pilea pumila","",0.5
"9/8/2022","A","1","Q1",2,"Laportea canadensis","",0.5
"9/8/2022","A","1","Q1",1,"Woody debris","",0.5
"9/8/2022","A","1","Q2",5,"Pilea pumila","",0.5
"9/8/2022","A","1","Q2",2,"Bidens frondosa","",0.5
"9/8/2022","A","1","Q2",2,"Persicaria punctata","",0.5
"9/8/2022","A","1","Q2",1,"Elymus virginicus","",0.5
"9/8/2022","A","1","Q2",1,"Woody debris","",0.5
"9/8/2022","A","1","Q3",5,"Pilea pumila","",0.5
"9/8/2022","A","1","Q3",1,"Galium aparine","",0.5
"9/8/2022","A","1","Q4",3,"Pilea pumila","",0.5
"9/8/2022","A","1","Q4",2,"Persicaria punctata","",0.5
"9/8/2022","A","1","Q4",2,"Impatiens capensis","",0.5
"9/8/2022","A","1","Q4",2,"Woody debris","",0.5
"9/8/2022","A","1","Q4",1,"Ulmus americana","",0.5
"9/8/2022","A","1","Q4",1,"Boehmeria cylindrica","",0.5
"9/8/2022","A","1","Q4",1,"Acer saccharinum","",0.5
"9/8/2022","A","1","Q4",1,"Laportea canadensis","",0.5
"9/8/2022","A","1","Q4",1,"Toxicodendron radicans","",0.5
"9/8/2022","A","1","Q5",3,"Toxicodendron radicans","",0.5
"9/8/2022","A","1","Q5",2,"Symphyotrichum ontarionis","",0.5
"9/8/2022","A","1","Q5",2,"Leersia virginica","",0.5
"9/8/2022","A","1","Q5",1,"Galium aparine","",0.5
"9/8/2022","A","1","Q5",1,"Sicyos angulatus","",0.5
"9/8/2022","A","1","Q5",1,"Pilea pumila","",0.5
"9/8/2022","A","1","Q5",1,"Viola sororia","",0.5
"9/8/2022","A","1","Q5",1,"Woody debris","",0.5
"9/8/2022","A","1","Q5",1,"Boehmeria cylindrica","",0.5
"9/8/2022","A","1","Q5",1,"Fraxinus pennsylvanica","",0.5
"9/16/2022","A","2","Q1",6,"Humulus japonicus","",0.5
"9/16/2022","A","2","Q1",0,"Woody debris","",0.5
"9/16/2022","A","2","Q1",0,"Bareground","",0.5
"9/16/2022","A","2","Q2",6,"Humulus japonicus","",0.5
"9/16/2022","A","2","Q2",4,"Bareground","",0.5
"9/16/2022","A","2","Q2",1,"Phalaris arundinacea","",0.5
"9/16/2022","A","2","Q2",0,"Woody debris","",0.5
"9/16/2022","A","2","Q3",3,"Humulus japonicus","",0.5
"9/16/2022","A","2","Q3",2,"Urtica gracilis","",0.5
"9/16/2022","A","2","Q3",2,"Bareground","",0.5
"9/16/2022","A","2","Q3",1,"Persicaria punctata","",0.5
"9/16/2022","A","2","Q3",1,"Smilax tamnoides","",0.5
"9/16/2022","A","2","Q3",1,"Chaerophyllum procumbens","",0.5
"9/16/2022","A","2","Q3",1,"Pilea pumila","",0.5
"9/16/2022","A","2","Q3",1,"Vitis riparia","",0.5
"9/16/2022","A","2","Q3",0,"Woody debris","",0.5
"9/16/2022","A","2","Q4",3,"Humulus japonicus","",0.5
"9/16/2022","A","2","Q4",2,"Persicaria punctata","",0.5
"9/16/2022","A","2","Q4",1,"Sicyos angulatus","",0.5
"9/16/2022","A","2","Q4",1,"Pilea pumila","",0.5
"9/16/2022","A","2","Q4",1,"Morus alba","",0.5
"9/16/2022","A","2","Q4",1,"Fraxinus pennsylvanica","",0.5
"9/16/2022","A","2","Q4",1,"Bidens frondosa","",0.5
"9/16/2022","A","2","Q4",1,"Vitis riparia","",0.5
"9/16/2022","A","2","Q4",1,"Symphyotrichum ontarionis","",0.5
"9/16/2022","A","2","Q4",1,"Galium aparine","",0.5
"9/16/2022","A","2","Q5",6,"Humulus japonicus","",0.5
"9/16/2022","A","2","Q5",2,"Woody debris","",0.5
"9/16/2022","A","2","Q5",1,"Bareground","",0.5
"9/16/2022","A","2","Q5",1,"Persicaria punctata","",0.5
"9/16/2022","A","2","Q5",1,"Morus alba","",0.5
"9/16/2022","A","2","Q5",1,"Toxicodendron radicans","",0.5
"9/16/2022","A","3","Q1",2,"Humulus japonicus","",0.5
"9/16/2022","A","3","Q1",2,"Bareground","",0.5
"9/16/2022","A","3","Q1",1,"Toxicodendron radicans","",0.5
"9/16/2022","A","3","Q1",1,"Sicyos angulatus","",0.5
"9/16/2022","A","3","Q1",1,"Pilea pumila","",0.5
"9/16/2022","A","3","Q1",1,"Vitis riparia","",0.5
"9/16/2022","A","3","Q1",1,"Carex spp.","",0.5
"9/16/2022","A","3","Q1",1,"Galium aparine","",0.5
"9/16/2022","A","3","Q1",1,"Viola sororia","",0.5
"9/16/2022","A","3","Q1",1,"Woody debris","",0.5
"9/16/2022","A","3","Q2",4,"Sicyos angulatus","",0.5
"9/16/2022","A","3","Q2",2,"Bareground","",0.5
"9/16/2022","A","3","Q2",1,"Pilea pumila","",0.5
"9/16/2022","A","3","Q2",1,"Galium aparine","",0.5
"9/16/2022","A","3","Q2",1,"Symphyotrichum ontarionis","",0.5
"9/16/2022","A","3","Q2",1,"Morus alba","",0.5
"9/16/2022","A","3","Q2",1,"Woody debris","",0.5
"9/16/2022","A","3","Q3",3,"Bareground","",0.5
"9/16/2022","A","3","Q3",2,"Persicaria punctata","",0.5
"9/16/2022","A","3","Q3",2,"Woody debris","",0.5
"9/16/2022","A","3","Q3",1,"Vitis riparia","",0.5
"9/16/2022","A","3","Q3",1,"Toxicodendron radicans","",0.5
"9/16/2022","A","3","Q3",1,"Galium aparine","",0.5
"9/16/2022","A","3","Q3",1,"Boehmeria cylindrica","",0.5
"9/16/2022","A","3","Q3",1,"Carex spp.","",0.5
"9/16/2022","A","3","Q3",1,"Symphyotrichum ontarionis","",0.5
"9/16/2022","A","3","Q3",1,"Acer saccharinum","",0.5
"9/16/2022","A","3","Q3",1,"Sicyos angulatus","",0.5
"9/16/2022","A","3","Q4",2,"Toxicodendron radicans","",0.5
"9/16/2022","A","3","Q4",1,"Trifolium repens","Best guess, previously listed as unknown clover",0.5
"9/16/2022","A","3","Q4",1,"Galium aparine","",0.5
"9/16/2022","A","3","Q4",1,"Morus alba","",0.5
"9/16/2022","A","3","Q4",1,"Acer saccharinum","",0.5
"9/16/2022","A","3","Q4",1,"Persicaria punctata","",0.5
"9/16/2022","A","3","Q4",1,"Packera glabella","",0.5
"9/16/2022","A","3","Q4",1,"Acalypha rhomboidea","",0.5
"9/16/2022","A","3","Q4",1,"Symphyotrichum ontarionis","",0.5
"9/16/2022","A","3","Q5",4,"Bareground","",0.5
"9/16/2022","A","3","Q5",2,"Symphyotrichum ontarionis","",0.5
"9/16/2022","A","3","Q5",1,"Morus alba","",0.5
"9/16/2022","A","3","Q5",1,"Vitis riparia","",0.5
"9/16/2022","A","3","Q5",1,"Woody debris","",0.5
"9/16/2022","A","3","Q5",1,"Taraxacum officinale","",0.5
"9/16/2022","A","3","Q5",1,"Ulmus americana","",0.5
"9/16/2022","A","3","Q5",1,"Sicyos angulatus","",0.5
"9/16/2022","A","3","Q5",1,"Packera glabella","",0.5
"9/16/2022","A","3","Q5",1,"Pilea pumila","",0.5
"9/8/2022","B","1","Q1",5,"Humulus japonicus","",0.5
"9/8/2022","B","1","Q1",1,"Woody debris","",0.5
"9/8/2022","B","1","Q1",1,"Pilea pumila","",0.5
"9/8/2022","B","1","Q1",1,"Phalaris arundinacea","",0.5
"9/8/2022","B","1","Q2",5,"Humulus japonicus","",0.5
"9/8/2022","B","1","Q2",3,"Woody debris","",0.5
"9/8/2022","B","1","Q2",1,"Persicaria punctata","",0.5
"9/8/2022","B","1","Q2",1,"Sicyos angulatus","",0.5
"9/8/2022","B","1","Q2",1,"Boehmeria cylindrica","",0.5
"9/8/2022","B","1","Q3",2,"Pilea pumila","",0.5
"9/8/2022","B","1","Q3",2,"Woody debris","",0.5
"9/8/2022","B","1","Q3",1,"Toxicodendron radicans","",0.5
"9/8/2022","B","1","Q3",1,"Ageratina altissima","",0.5
"9/8/2022","B","1","Q3",1,"Sicyos angulatus","",0.5
"9/8/2022","B","1","Q3",1,"Galium aparine","",0.5
"9/8/2022","B","1","Q3",1,"Persicaria punctata","",0.5
"9/8/2022","B","1","Q4",4,"Urtica gracilis","",0.5
"9/8/2022","B","1","Q4",2,"Toxicodendron radicans","",0.5
"9/8/2022","B","1","Q4",2,"Acer saccharinum","",0.5
"9/8/2022","B","1","Q4",2,"Pilea pumila","",0.5
"9/8/2022","B","1","Q4",2,"Woody debris","",0.5
"9/8/2022","B","1","Q5",5,"Humulus japonicus","",0.5
"9/8/2022","B","1","Q5",2,"Urtica gracilis","",0.5
"9/8/2022","B","1","Q5",2,"Phalaris arundinacea","",0.5
"9/8/2022","B","1","Q5",1,"Woody debris","",0.5
"9/17/2022","B","2","Q1",3,"Woody debris","",0.5
"9/17/2022","B","2","Q1",3,"Bareground","",0.5
"9/17/2022","B","2","Q1",2,"Galium aparine","",0.5
"9/17/2022","B","2","Q1",1,"Smilax tamnoides","",0.5
"9/17/2022","B","2","Q2",4,"Woody debris","",0.5
"9/17/2022","B","2","Q2",3,"Bareground","",0.5
"9/17/2022","B","2","Q2",1,"Galium aparine","",0.5
"9/17/2022","B","2","Q3",2,"Pilea pumila","",0.5
"9/17/2022","B","2","Q3",2,"Galium aparine","",0.5
"9/17/2022","B","2","Q3",2,"Woody debris","",0.5
"9/17/2022","B","2","Q3",1,"Toxicodendron radicans","",0.5
"9/17/2022","B","2","Q3",1,"Humulus japonicus","",0.5
"9/17/2022","B","2","Q3",1,"Vitis riparia","",0.5
"9/17/2022","B","2","Q3",1,"Laportea canadensis","",0.5
"9/17/2022","B","2","Q3",1,"Bareground","",0.5
"9/17/2022","B","2","Q4",4,"Woody debris","",0.5
"9/17/2022","B","2","Q4",2,"Laportea canadensis","",0.5
"9/17/2022","B","2","Q4",1,"Sicyos angulatus","",0.5
"9/17/2022","B","2","Q4",1,"Pilea pumila","",0.5
"9/17/2022","B","2","Q4",1,"Galium aparine","",0.5
"9/17/2022","B","2","Q4",1,"Persicaria punctata","",0.5
"9/17/2022","B","2","Q4",1,"Morus alba","",0.5
"9/17/2022","B","2","Q4",1,"Impatiens capensis","",0.5
"9/17/2022","B","2","Q4",1,"Acalypha rhomboidea","",0.5
"9/17/2022","B","2","Q4",1,"Bareground","",0.5
"9/17/2022","B","2","Q5",4,"Galium aparine","",0.5
"9/17/2022","B","2","Q5",2,"Woody debris","",0.5
"9/17/2022","B","2","Q5",2,"Bareground","",0.5
"9/17/2022","B","2","Q5",1,"Vitis riparia","",0.5
"9/17/2022","B","3","Q1",4,"Woody debris","",0.5
"9/17/2022","B","3","Q1",3,"Bareground","",0.5
"9/17/2022","B","3","Q1",1,"Galium aparine","",0.5
"9/17/2022","B","3","Q2",3,"Woody debris","",0.5
"9/17/2022","B","3","Q2",3,"Bareground","",0.5
"9/17/2022","B","3","Q2",2,"Carex grayi","",0.5
"9/17/2022","B","3","Q2",1,"Pilea pumila","",0.5
"9/17/2022","B","3","Q2",1,"Galium aparine","",0.5
"9/17/2022","B","3","Q2",1,"Persicaria punctata","",0.5
"9/17/2022","B","3","Q2",1,"Acer saccharinum","",0.5
"9/17/2022","B","3","Q2",1,"Morus alba","",0.5
"9/17/2022","B","3","Q3",2,"Pilea pumila","",0.5
"9/17/2022","B","3","Q3",2,"Woody debris","",0.5
"9/17/2022","B","3","Q3",2,"Bareground","",0.5
"9/17/2022","B","3","Q3",1,"Galium aparine","",0.5
"9/17/2022","B","3","Q3",1,"Sicyos angulatus","",0.5
"9/17/2022","B","3","Q3",1,"Vitis riparia","",0.5
"9/17/2022","B","3","Q3",1,"Morus alba","",0.5
"9/17/2022","B","3","Q3",1,"Toxicodendron radicans","",0.5
"9/17/2022","B","3","Q4",4,"Pilea pumila","",0.5
"9/17/2022","B","3","Q4",2,"Woody debris","",0.5
"9/17/2022","B","3","Q4",2,"Bareground","",0.5
"9/17/2022","B","3","Q4",1,"Galium aparine","",0.5
"9/17/2022","B","3","Q4",1,"Sicyos angulatus","",0.5
"9/17/2022","B","3","Q4",1,"Parthenocissus quinquefolia","",0.5
"9/17/2022","B","3","Q4",1,"Chaerophyllum procumbens","",0.5
"9/17/2022","B","3","Q4",1,"Packera glabella","",0.5
"9/17/2022","B","3","Q5",2,"Vitis riparia","",0.5
"9/17/2022","B","3","Q5",2,"Packera glabella","",0.5
"9/17/2022","B","3","Q5",1,"Pilea pumila","",0.5
"9/17/2022","B","3","Q5",1,"Morus alba","",0.5
"9/8/2022","C","1","Q1",3,"Elymus virginicus","",0.5
"9/8/2022","C","1","Q1",2,"Pilea pumila","",0.5
"9/8/2022","C","1","Q1",2,"Urtica gracilis","",0.5
"9/8/2022","C","1","Q1",1,"Acer saccharinum","",0.5
"9/8/2022","C","1","Q1",1,"Boehmeria cylindrica","",0.5
"9/8/2022","C","1","Q1",1,"Persicaria punctata","",0.5
"9/8/2022","C","1","Q1",1,"Celtis occidentalis","",0.5
"9/8/2022","C","1","Q1",1,"Phalaris arundinacea","",0.5
"9/8/2022","C","1","Q1",1,"Woody debris","",0.5
"9/8/2022","C","1","Q2",3,"Symphyotrichum ontarionis","",0.5
"9/8/2022","C","1","Q2",2,"Persicaria punctata","",0.5
"9/8/2022","C","1","Q2",2,"Laportea canadensis","",0.5
"9/8/2022","C","1","Q2",2,"Morus alba","",0.5
"9/8/2022","C","1","Q2",2,"Woody debris","",0.5
"9/8/2022","C","1","Q2",1,"Leersia virginica","",0.5
"9/8/2022","C","1","Q2",1,"Toxicodendron radicans","",0.5
"9/8/2022","C","1","Q2",1,"Vitis riparia","",0.5
"9/8/2022","C","1","Q2",1,"Ulmus americana","",0.5
"9/8/2022","C","1","Q3",3,"Persicaria punctata","",0.5
"9/8/2022","C","1","Q3",2,"Elymus virginicus","",0.5
"9/8/2022","C","1","Q3",2,"Boehmeria cylindrica","",0.5
"9/8/2022","C","1","Q3",2,"Impatiens capensis","",0.5
"9/8/2022","C","1","Q3",2,"Morus alba","",0.5
"9/8/2022","C","1","Q3",1,"Pilea pumila","",0.5
"9/8/2022","C","1","Q3",1,"Vitis riparia","",0.5
"9/8/2022","C","1","Q3",1,"Toxicodendron radicans","",0.5
"9/8/2022","C","1","Q3",1,"Woody debris","",0.5
"9/8/2022","C","1","Q4",5,"Pilea pumila","",0.5
"9/8/2022","C","1","Q4",1,"Bidens frondosa","",0.5
"9/8/2022","C","1","Q4",1,"Symphyotrichum ontarionis","",0.5
"9/8/2022","C","1","Q4",0,"Woody debris","",0.5
"9/8/2022","C","1","Q5",2,"Pilea pumila","",0.5
"9/8/2022","C","1","Q5",2,"Persicaria punctata","",0.5
"9/8/2022","C","1","Q5",2,"Woody debris","",0.5
"9/8/2022","C","1","Q5",1,"Galium aparine","",0.5
"9/17/2022","C","2","Q1",4,"Bareground","",0.5
"9/17/2022","C","2","Q1",3,"Woody debris","",0.5
"9/17/2022","C","2","Q1",2,"Symphyotrichum ontarionis","",0.5
"9/17/2022","C","2","Q1",1,"Sicyos angulatus","",0.5
"9/17/2022","C","2","Q1",1,"Toxicodendron radicans","",0.5
"9/17/2022","C","2","Q1",1,"Galium aparine","",0.5
"9/17/2022","C","2","Q1",1,"Vitis riparia","",0.5
"9/17/2022","C","2","Q2",2,"Laportea canadensis","",0.5
"9/17/2022","C","2","Q2",2,"Persicaria punctata","",0.5
"9/17/2022","C","2","Q2",2,"Toxicodendron radicans","",0.5
"9/17/2022","C","2","Q2",2,"Symphyotrichum ontarionis","",0.5
"9/17/2022","C","2","Q2",2,"Woody debris","",0.5
"9/17/2022","C","2","Q2",2,"Bareground","",0.5
"9/17/2022","C","2","Q2",1,"Boehmeria cylindrica","",0.5
"9/17/2022","C","2","Q2",1,"Humulus japonicus","",0.5
"9/17/2022","C","2","Q2",1,"Pilea pumila","",0.5
"9/17/2022","C","2","Q2",1,"Scutellaria lateriflora","",0.5
"9/17/2022","C","2","Q2",1,"Ulmus americana","",0.5
"9/17/2022","C","2","Q3",3,"Bareground","",0.5
"9/17/2022","C","2","Q3",1,"Persicaria punctata","",0.5
"9/17/2022","C","2","Q3",1,"Morus alba","",0.5
"9/17/2022","C","2","Q3",1,"Ulmus americana","",0.5
"9/17/2022","C","2","Q3",1,"Toxicodendron radicans","",0.5
"9/17/2022","C","2","Q3",1,"Galium aparine","",0.5
"9/17/2022","C","2","Q3",1,"Vitis riparia","",0.5
"9/17/2022","C","2","Q3",1,"Woody debris","",0.5
"9/17/2022","C","2","Q4",4,"Bareground","",0.5
"9/17/2022","C","2","Q4",3,"Galium aparine","",0.5
"9/17/2022","C","2","Q4",2,"Woody debris","",0.5
"9/17/2022","C","2","Q4",1,"Toxicodendron radicans","",0.5
"9/17/2022","C","2","Q4",1,"Persicaria punctata","",0.5
"9/17/2022","C","2","Q4",1,"Ulmus americana","",0.5
"9/17/2022","C","2","Q4",1,"Leersia oryzoides","",0.5
"9/17/2022","C","2","Q5",4,"Woody debris","",0.5
"9/17/2022","C","2","Q5",2,"Bareground","",0.5
"9/17/2022","C","2","Q5",1,"Toxicodendron radicans","",0.5
"9/17/2022","C","2","Q5",1,"Galium aparine","",0.5
"9/17/2022","C","3","Q1",3,"Woody debris","",0.5
"9/17/2022","C","3","Q1",2,"Bareground","",0.5
"9/17/2022","C","3","Q1",1,"Toxicodendron radicans","",0.5
"9/17/2022","C","3","Q1",1,"Vitis riparia","",0.5
"9/17/2022","C","3","Q2",3,"Bareground","",0.5
"9/17/2022","C","3","Q2",2,"Woody debris","",0.5
"9/17/2022","C","3","Q2",1,"Toxicodendron radicans","",0.5
"9/17/2022","C","3","Q2",1,"Galium aparine","",0.5
"9/17/2022","C","3","Q2",1,"Ulmus americana","",0.5
"9/17/2022","C","3","Q2",1,"Phytolacca americana","",0.5
"9/17/2022","C","3","Q3",5,"Woody debris","",0.5
"9/17/2022","C","3","Q3",2,"Parthenocissus quinquefolia","",0.5
"9/17/2022","C","3","Q3",2,"Bareground","",0.5
"9/17/2022","C","3","Q3",1,"Galium aparine","",0.5
"9/17/2022","C","3","Q3",1,"Impatiens capensis","",0.5
"9/17/2022","C","3","Q4",3,"Woody debris","",0.5
"9/17/2022","C","3","Q4",2,"Bareground","",0.5
"9/17/2022","C","3","Q4",1,"Toxicodendron radicans","",0.5
"9/17/2022","C","3","Q4",1,"Acer saccharinum","",0.5
"9/17/2022","C","3","Q4",1,"Impatiens capensis","",0.5
"9/17/2022","C","3","Q4",1,"Galium aparine","",0.5
"9/17/2022","C","3","Q4",1,"Quercus palustris","",0.5
"9/17/2022","C","3","Q5",3,"Sicyos angulatus","",0.5
"9/17/2022","C","3","Q5",3,"Symphyotrichum ontarionis","",0.5
"9/17/2022","C","3","Q5",2,"Woody debris","",0.5
"9/17/2022","C","3","Q5",2,"Bareground","",0.5
"9/17/2022","C","3","Q5",1,"Acer saccharinum","",0.5
"9/17/2022","C","3","Q5",1,"Pilea pumila","",0.5
"9/17/2022","C","3","Q5",1,"Toxicodendron radicans","",0.5
"9/17/2022","C","3","Q5",1,"Persicaria punctata","",0.5
"9/17/2022","C","3","Q5",1,"Galium aparine","",0.5
"9/16/2022","D","1","Q1",5,"Bareground","",0.5
"9/16/2022","D","1","Q1",2,"Pilea pumila","",0.5
"9/16/2022","D","1","Q1",1,"Humulus japonicus","",0.5
"9/16/2022","D","1","Q1",1,"Galium aparine","",0.5
"9/16/2022","D","1","Q1",1,"Phalaris arundinacea","",0.5
"9/16/2022","D","1","Q1",1,"Vitis riparia","",0.5
"9/16/2022","D","1","Q1",0,"Woody debris","",0.5
"9/16/2022","D","1","Q2",2,"Laportea canadensis","",0.5
"9/16/2022","D","1","Q2",2,"Sicyos angulatus","",0.5
"9/16/2022","D","1","Q2",2,"Phalaris arundinacea","",0.5
"9/16/2022","D","1","Q2",1,"Humulus japonicus","",0.5
"9/16/2022","D","1","Q2",1,"Persicaria punctata","",0.5
"9/16/2022","D","1","Q2",1,"Bareground","",0.5
"9/16/2022","D","1","Q2",1,"Leersia oryzoides","",0.5
"9/16/2022","D","1","Q2",1,"Morus alba","",0.5
"9/16/2022","D","1","Q2",0,"Woody debris","",0.5
"9/16/2022","D","1","Q3",4,"Pilea pumila","",0.5
"9/16/2022","D","1","Q3",2,"Bareground","",0.5
"9/16/2022","D","1","Q3",1,"Sicyos angulatus","",0.5
"9/16/2022","D","1","Q3",1,"Ulmus americana","",0.5
"9/16/2022","D","1","Q3",1,"Ageratina altissima","",0.5
"9/16/2022","D","1","Q3",1,"Phalaris arundinacea","",0.5
"9/16/2022","D","1","Q3",1,"Parthenocissus quinquefolia","",0.5
"9/16/2022","D","1","Q3",1,"Carya illinoinensis","",0.5
"9/16/2022","D","1","Q3",0,"Woody debris","",0.5
"9/17/2022","D","1","Q4",3,"Bareground","",0.5
"9/17/2022","D","1","Q4",2,"Pilea pumila","",0.5
"9/17/2022","D","1","Q4",2,"Persicaria punctata","",0.5
"9/17/2022","D","1","Q4",2,"Boehmeria cylindrica","",0.5
"9/17/2022","D","1","Q4",1,"Bidens frondosa","",0.5
"9/17/2022","D","1","Q4",1,"Vitis riparia","",0.5
"9/17/2022","D","1","Q4",0,"Woody debris","",0.5
"9/17/2022","D","1","Q5",2,"Sicyos angulatus","",0.5
"9/17/2022","D","1","Q5",2,"Leersia virginica","",0.5
"9/17/2022","D","1","Q5",1,"Persicaria punctata","",0.5
"9/17/2022","D","1","Q5",1,"Pilea pumila","",0.5
"9/17/2022","D","1","Q5",1,"Morus alba","",0.5
"9/17/2022","D","1","Q5",1,"Bareground","",0.5
"9/17/2022","D","1","Q5",1,"Woody debris","",0.5
"9/17/2022","D","1","Q5",1,"Leersia oryzoides","",0.5
"9/17/2022","D","1","Q5",1,"Acer saccharinum","",0.5
"9/17/2022","D","2","Q1",6,"Humulus japonicus","",0.5
"9/17/2022","D","2","Q1",1,"Urtica gracilis","",0.5
"9/17/2022","D","2","Q1",0,"Woody debris","",0.5
"9/17/2022","D","2","Q1",0,"Bareground","",0.5
"9/17/2022","D","2","Q2",5,"Humulus japonicus","",0.5
"9/17/2022","D","2","Q2",1,"Bareground","",0.5
"9/17/2022","D","2","Q2",0,"Woody debris","",0.5
"9/17/2022","D","2","Q3",6,"Humulus japonicus","",0.5
"9/17/2022","D","2","Q3",1,"Phalaris arundinacea","",0.5
"9/17/2022","D","2","Q3",0,"Woody debris","",0.5
"9/17/2022","D","2","Q3",0,"Bareground","",0.5
"9/17/2022","D","2","Q4",2,"Pilea pumila","",0.5
"9/17/2022","D","2","Q4",2,"Humulus japonicus","",0.5
"9/17/2022","D","2","Q4",1,"Galium aparine","",0.5
"9/17/2022","D","2","Q4",1,"Persicaria punctata","",0.5
"9/17/2022","D","2","Q4",1,"Cryptotaenia canadensis","",0.5
"9/17/2022","D","2","Q4",1,"Bareground","",0.5
"9/17/2022","D","2","Q4",0,"Woody debris","",0.5
"9/17/2022","D","2","Q5",2,"Pilea pumila","",0.5
"9/17/2022","D","2","Q5",2,"Humulus japonicus","",0.5
"9/17/2022","D","2","Q5",2,"Sicyos angulatus","",0.5
"9/17/2022","D","2","Q5",2,"Laportea canadensis","",0.5
"9/17/2022","D","2","Q5",1,"Bidens frondosa","",0.5
"9/17/2022","D","2","Q5",1,"Acer saccharinum","",0.5
"9/17/2022","D","2","Q5",1,"Morus alba","",0.5
"9/17/2022","D","2","Q5",1,"Leersia virginica","",0.5
"9/17/2022","D","2","Q5",1,"Bareground","",0.5
"9/17/2022","D","2","Q5",1,"Woody debris","",0.5
"9/17/2022","D","2","Q5",1,"Ageratina altissima","",0.5
"9/17/2022","D","3","Q1",4,"Phalaris arundinacea","",0.5
"9/17/2022","D","3","Q1",1,"Pilea pumila","",0.5
"9/17/2022","D","3","Q1",1,"Sicyos angulatus","",0.5
"9/17/2022","D","3","Q1",1,"Woody debris","",0.5
"9/17/2022","D","3","Q1",1,"Bareground","",0.5
"9/17/2022","D","3","Q2",3,"Phalaris arundinacea","",0.5
"9/17/2022","D","3","Q2",1,"Sicyos angulatus","",0.5
"9/17/2022","D","3","Q2",1,"Woody debris","",0.5
"9/17/2022","D","3","Q2",0,"Bareground","",0.5
"9/17/2022","D","3","Q3",2,"Sicyos angulatus","",0.5
"9/17/2022","D","3","Q3",2,"Morus alba","",0.5
"9/17/2022","D","3","Q3",2,"Woody debris","",0.5
"9/17/2022","D","3","Q3",2,"Bareground","",0.5
"9/17/2022","D","3","Q4",5,"Phalaris arundinacea","",0.5
"9/17/2022","D","3","Q4",1,"Abutilon theophrasti","",0.5
"9/17/2022","D","3","Q4",1,"Symphyotrichum lanceolatum","",0.5
"9/17/2022","D","3","Q5",2,"Morus alba","",0.5
"9/17/2022","D","3","Q5",2,"Cryptotaenia canadensis","",0.5
"9/17/2022","D","3","Q5",1,"Sicyos angulatus","",0.5
"9/17/2022","D","3","Q5",1,"Acer saccharinum","",0.5
"9/17/2022","D","3","Q5",0,"Woody debris","",0.5
"9/17/2022","D","3","Q5",0,"Bareground","",0.5
"9/8/2022","E","1","Q1",6,"Humulus japonicus","",0.5
"9/8/2022","E","1","Q1",1,"Phalaris arundinacea","",0.5
"9/8/2022","E","1","Q1",1,"Woody debris","",0.5
"9/8/2022","E","1","Q2",6,"Humulus japonicus","",0.5
"9/8/2022","E","1","Q2",1,"Phalaris arundinacea","",0.5
"9/8/2022","E","1","Q2",0,"Woody debris","",0.5
"9/8/2022","E","1","Q3",4,"Phalaris arundinacea","",0.5
"9/8/2022","E","1","Q3",3,"Humulus japonicus","",0.5
"9/8/2022","E","1","Q3",0,"Woody debris","",0.5
"9/8/2022","E","1","Q4",4,"Humulus japonicus","",0.5
"9/8/2022","E","1","Q4",4,"Phalaris arundinacea","",0.5
"9/8/2022","E","1","Q4",0,"Woody debris","",0.5
"9/8/2022","E","1","Q5",5,"Phalaris arundinacea","",0.5
"9/8/2022","E","1","Q5",3,"Sicyos angulatus","",0.5
"9/8/2022","E","1","Q5",1,"Woody debris","",0.5
"9/16/2022","E","2","Q1",4,"Humulus japonicus","",0.5
"9/16/2022","E","2","Q1",2,"Phalaris arundinacea","",0.5
"9/16/2022","E","2","Q1",1,"Sicyos angulatus","",0.5
"9/16/2022","E","2","Q1",0,"Woody debris","",0.5
"9/16/2022","E","2","Q1",0,"Bareground","",0.5
"9/16/2022","E","2","Q2",4,"Phalaris arundinacea","",0.5
"9/16/2022","E","2","Q2",3,"Sicyos angulatus","",0.5
"9/16/2022","E","2","Q2",1,"Persicaria punctata","",0.5
"9/16/2022","E","2","Q2",0,"Woody debris","",0.5
"9/16/2022","E","2","Q2",0,"Bareground","",0.5
"9/16/2022","E","2","Q3",3,"Humulus japonicus","",0.5
"9/16/2022","E","2","Q3",3,"Sicyos angulatus","",0.5
"9/16/2022","E","2","Q3",2,"Bareground","",0.5
"9/16/2022","E","2","Q3",1,"Phalaris arundinacea","",0.5
"9/16/2022","E","2","Q3",0,"Woody debris","",0.5
"9/16/2022","E","2","Q4",6,"Humulus japonicus","",0.5
"9/16/2022","E","2","Q4",0,"Woody debris","",0.5
"9/16/2022","E","2","Q4",0,"Bareground","",0.5
"9/16/2022","E","2","Q5",4,"Phalaris arundinacea","",0.5
"9/16/2022","E","2","Q5",2,"Humulus japonicus","",0.5
"9/16/2022","E","2","Q5",0,"Woody debris","",0.5
"9/16/2022","E","2","Q5",0,"Bareground","",0.5
"9/17/2022","E","3","Q1",6,"Phalaris arundinacea","",0.5
"9/17/2022","E","3","Q1",1,"Pilea pumila","",0.5
"9/17/2022","E","3","Q1",0,"Woody debris","",0.5
"9/17/2022","E","3","Q1",0,"Bareground","",0.5
"9/17/2022","E","3","Q2",5,"Phalaris arundinacea","",0.5
"9/17/2022","E","3","Q2",1,"Morus alba","",0.5
"9/17/2022","E","3","Q2",1,"Persicaria pensylvanica","",0.5
"9/17/2022","E","3","Q2",1,"Pilea pumila","",0.5
"9/17/2022","E","3","Q2",0,"Woody debris","",0.5
"9/17/2022","E","3","Q2",0,"Bareground","",0.5
"9/17/2022","E","3","Q3",6,"Humulus japonicus","",0.5
"9/17/2022","E","3","Q3",2,"Persicaria pensylvanica","",0.5
"9/17/2022","E","3","Q3",1,"Phalaris arundinacea","",0.5
"9/17/2022","E","3","Q3",0,"Woody debris","",0.5
"9/17/2022","E","3","Q3",0,"Bareground","",0.5
"9/17/2022","E","3","Q4",3,"Persicaria pensylvanica","",0.5
"9/17/2022","E","3","Q4",3,"Humulus japonicus","",0.5
"9/17/2022","E","3","Q4",1,"Sicyos angulatus","",0.5
"9/17/2022","E","3","Q4",1,"Solanum ptychanthum","",0.5
"9/17/2022","E","3","Q4",1,"Amaranthus tuberculatus","",0.5
"9/17/2022","E","3","Q4",1,"Bareground","",0.5
"9/17/2022","E","3","Q4",0,"Woody debris","",0.5
"9/17/2022","E","3","Q5",4,"Persicaria pensylvanica","",0.5
"9/17/2022","E","3","Q5",1,"Phalaris arundinacea","",0.5
"9/17/2022","E","3","Q5",1,"Sicyos angulatus","",0.5
"9/17/2022","E","3","Q5",1,"Solanum ptychanthum","",0.5
"9/17/2022","E","3","Q5",0,"Woody debris","",0.5
"9/17/2022","E","3","Q5",0,"Bareground","",0.5
"9/8/2022","R","1","Q1",4,"Pilea pumila","",0.5
"9/8/2022","R","1","Q1",2,"Sicyos angulatus","",0.5
"9/8/2022","R","1","Q1",2,"Carex grisea","",0.5
"9/8/2022","R","1","Q1",1,"Stachys palustris","",0.5
"9/8/2022","R","1","Q1",1,"Celtis occidentalis","",0.5
"9/8/2022","R","1","Q1",1,"Smilax tamnoides","",0.5
"9/8/2022","R","1","Q1",1,"Woody debris","",0.5
"9/8/2022","R","1","Q2",4,"Sicyos angulatus","",0.5
"9/8/2022","R","1","Q2",3,"Carex grisea","",0.5
"9/8/2022","R","1","Q2",2,"Pilea pumila","",0.5
"9/8/2022","R","1","Q2",2,"Phytolacca americana","",0.5
"9/8/2022","R","1","Q2",1,"Symphyotrichum ontarionis","",0.5
"9/8/2022","R","1","Q2",1,"Ranunculus septentrionalis","",0.5
"9/8/2022","R","1","Q2",1,"Woody debris","",0.5
"9/8/2022","R","1","Q3",4,"Urtica gracilis","",0.5
"9/8/2022","R","1","Q3",3,"Pilea pumila","",0.5
"9/8/2022","R","1","Q3",2,"Bidens frondosa","",0.5
"9/8/2022","R","1","Q3",2,"Leersia virginica","",0.5
"9/8/2022","R","1","Q3",1,"Stachys palustris","",0.5
"9/8/2022","R","1","Q3",1,"Vitis riparia","",0.5
"9/8/2022","R","1","Q3",1,"Viola sororia","",0.5
"9/8/2022","R","1","Q4",4,"Woody debris","",0.5
"9/8/2022","R","1","Q4",1,"Persicaria punctata","",0.5
"9/8/2022","R","1","Q4",1,"Pilea pumila","",0.5
"9/8/2022","R","1","Q4",1,"Ulmus americana","",0.5
"9/8/2022","R","1","Q4",1,"Galium aparine","",0.5
"9/8/2022","R","1","Q5",5,"Woody debris","",0.5
"9/8/2022","R","1","Q5",1,"Sicyos angulatus","",0.5
"9/8/2022","R","1","Q5",1,"Pilea pumila","",0.5
"9/8/2022","R","1","Q5",1,"Gleditsia triacanthos","",0.5
"9/8/2022","R","2","Q1",3,"Bidens frondosa","",0.5
"9/8/2022","R","2","Q1",2,"Sicyos angulatus","",0.5
"9/8/2022","R","2","Q1",2,"Pilea pumila","",0.5
"9/8/2022","R","2","Q1",2,"Morus alba","",0.5
"9/8/2022","R","2","Q1",1,"Symphyotrichum ontarionis","",0.5
"9/8/2022","R","2","Q1",1,"Acer saccharinum","",0.5
"9/8/2022","R","2","Q1",1,"Woody debris","",0.5
"9/8/2022","R","2","Q2",3,"Sicyos angulatus","",0.5
"9/8/2022","R","2","Q2",3,"Pilea pumila","",0.5
"9/8/2022","R","2","Q2",3,"Ambrosia trifida","",0.5
"9/8/2022","R","2","Q2",2,"Bidens frondosa","",0.5
"9/8/2022","R","2","Q2",1,"Stachys palustris","",0.5
"9/8/2022","R","2","Q2",1,"Vitis riparia","",0.5
"9/8/2022","R","2","Q2",1,"Acalypha rhomboidea","",0.5
"9/8/2022","R","2","Q2",1,"Symphyotrichum ontarionis","",0.5
"9/8/2022","R","2","Q2",1,"Leersia oryzoides","",0.5
"9/8/2022","R","2","Q2",1,"Morus alba","",0.5
"9/8/2022","R","2","Q2",1,"Taraxacum officinale","",0.5
"9/8/2022","R","2","Q2",1,"Woody debris","",0.5
"9/8/2022","R","2","Q3",4,"Bidens frondosa","",0.5
"9/8/2022","R","2","Q3",3,"Phytolacca americana","",0.5
"9/8/2022","R","2","Q3",3,"Pilea pumila","",0.5
"9/8/2022","R","2","Q3",2,"Toxicodendron radicans","",0.5
"9/8/2022","R","2","Q3",2,"Morus alba","",0.5
"9/8/2022","R","2","Q3",2,"Sicyos angulatus","",0.5
"9/8/2022","R","2","Q3",1,"Cryptotaenia canadensis","",0.5
"9/8/2022","R","2","Q3",1,"Ulmus americana","",0.5
"9/8/2022","R","2","Q3",1,"Woody debris","",0.5
"9/8/2022","R","2","Q4",3,"Woody debris","",0.5
"9/8/2022","R","2","Q4",2,"Pilea pumila","",0.5
"9/8/2022","R","2","Q4",2,"Vitis riparia","",0.5
"9/8/2022","R","2","Q4",2,"Ulmus americana","",0.5
"9/8/2022","R","2","Q4",1,"Fraxinus pennsylvanica","",0.5
"9/8/2022","R","2","Q4",1,"Sicyos angulatus","",0.5
"9/8/2022","R","2","Q4",1,"Acer saccharinum","",0.5
"9/8/2022","R","2","Q5",4,"Sicyos angulatus","",0.5
"9/8/2022","R","2","Q5",3,"Woody debris","",0.5
"9/8/2022","R","2","Q5",2,"Laportea canadensis","",0.5
"9/8/2022","R","2","Q5",2,"Toxicodendron radicans","",0.5
"9/8/2022","R","2","Q5",1,"Pilea pumila","",0.5
"9/8/2022","R","2","Q5",1,"Ulmus americana","",0.5
"9/8/2022","R","3","Q1",5,"Bidens frondosa","",0.5
"9/8/2022","R","3","Q1",1,"Boehmeria cylindrica","",0.5
"9/8/2022","R","3","Q1",1,"Toxicodendron radicans","",0.5
"9/8/2022","R","3","Q1",1,"Ulmus americana","",0.5
"9/8/2022","R","3","Q1",1,"Morus alba","",0.5
"9/8/2022","R","3","Q1",1,"Pilea pumila","",0.5
"9/8/2022","R","3","Q1",1,"Vitis riparia","",0.5
"9/8/2022","R","3","Q1",1,"Woody debris","",0.5
"9/8/2022","R","3","Q1",1,"Persicaria punctata","",0.5
"9/8/2022","R","3","Q2",2,"Woody debris","",0.5
"9/8/2022","R","3","Q2",1,"Toxicodendron radicans","",0.5
"9/8/2022","R","3","Q2",1,"Vitis riparia","",0.5
"9/8/2022","R","3","Q2",1,"Leersia oryzoides","",0.5
"9/8/2022","R","3","Q2",1,"Acer saccharinum","",0.5
"9/8/2022","R","3","Q2",1,"Symphyotrichum lanceolatum","",0.5
"9/8/2022","R","3","Q2",1,"Persicaria pensylvanica","",0.5
"9/8/2022","R","3","Q2",1,"Ulmus americana","",0.5
"9/8/2022","R","3","Q3",4,"Woody debris","",0.5
"9/8/2022","R","3","Q3",1,"Leersia oryzoides","",0.5
"9/8/2022","R","3","Q3",1,"Acer saccharinum","",0.5
"9/8/2022","R","3","Q3",1,"Urtica gracilis","",0.5
"9/8/2022","R","3","Q3",1,"Boehmeria cylindrica","",0.5
"9/8/2022","R","3","Q3",1,"Rumex verticillatus","",0.5
"9/8/2022","R","3","Q4",4,"Boehmeria cylindrica","",0.5
"9/8/2022","R","3","Q4",2,"Bidens frondosa","",0.5
"9/8/2022","R","3","Q4",2,"Woody debris","",0.5
"9/8/2022","R","3","Q4",2,"Scutellaria lateriflora","",0.5
"9/8/2022","R","3","Q4",1,"Acer saccharinum","",0.5
"9/8/2022","R","3","Q4",1,"Pilea pumila","",0.5
"9/8/2022","R","3","Q4",1,"Symphyotrichum lanceolatum","",0.5
"9/8/2022","R","3","Q5",5,"Bidens frondosa","",0.5
"9/8/2022","R","3","Q5",3,"Solidago canadensis","",0.5
"9/8/2022","R","3","Q5",2,"Scutellaria lateriflora","",0.5
"9/8/2022","R","3","Q5",1,"Boehmeria cylindrica","",0.5
"9/8/2022","R","3","Q5",1,"Pilea pumila","",0.5
"9/8/2022","R","3","Q5",1,"Acer saccharinum","",0.5
"9/8/2022","R","3","Q5",1,"Woody debris","",0.5
